hour,rep1,rep2,rep3,rep4,rep5,rep6,rep7,rep8,rep9,rep10
1,1.5578795741,0.0184816426,1.5352240121,0.4443965211,0.5570449278,3.6730266945,1.2565597466,2.7817583997,2.3143923833,0.3833152216
1,1.8988450694,0.4947002152,3.6956165613,0.1987352006,4.8394563754,2.8831037134,6.623713728,0.8655401205,5.4695535379,0.5017459814
1,0.8297483327,0.0182029981,6.8475973322,0.8764186577,1.3708295536,1.0306964701,1.540701298,2.5610033419,0.1713593895,12.31515571
1,4.6804905255,0.8328246042,0.7141854915,1.6208016428,2.1384131657,0.079652441,0.0399650862,0.4956884302,0.5645775125,3.9063220817
1,0.5997125908,1.8938286534,2.4516979073,2.6894576623,0.9135616002,0.6035152294,0.9711838137,3.5268764024,0.5776568015,3.0023383227
1,4.8658698221,2.8365479865,1.6487997485,2.9227157152,10.573832508,1.7204069272,0.7079435867,7.9925948369,12.211575987,0.8283196215
1,4.1181567049,1.0406512388,0.4021320022,0.1287697446,1.0945487294,5.8901277009,0.0209882387,4.2584926946,2.0968730496,0.6272008791
1,0.7060178613,7.9405076759,1.2914893801,0.8737696428,0.1014956921,2.9224562373,1.1255336117,3.323370713,1.3737168515,5.5973210508
1,1.5054062229,0.2054167194,3.2417566862,4.7035836211,0.6957174526,0.1023690049,2.3549525917,0.0317812729,2.3403129327,3.2420611237
1,1.9214015573,5.1107567509,1.3012352477,0.8727600262,0.4710431284,0.1856596525,6.9771702463,2.2336293293,1.9341217722,4.7667187049
2,0.4500309982,0.9503666595,1.7348278075,0.4880996329,0.056520639,2.7506034745,5.1045948082,0.9046361181,4.852152646,0.0623297925
2,0.7385729332,4.394160267,2.4636175576,2.7313663374,1.8981860188,2.1141774778,4.3155307806,0.4428124489,3.409136452,0.6904813691
2,0.1385326145,0.9741700966,7.8377737754,1.9381856374,0.6404437951,5.7874275625,0.2765089617,6.0995136751,5.2998214704,3.6865931104
2,3.6004797271,1.7210092203,2.9000692039,0.9683219586,3.9770447982,0.2669631301,0.9877737023,0.7039270429,0.1642786603,2.652659064
2,1.6543032496,6.9347539617,9.4533673958,1.2539749524,2.252659339,2.3226687747,11.05900228,2.4626372907,1.4688810639,1.3538951437
2,1.1866164566,0.5811712318,10.090955262,5.3523176692,1.9155391112,2.6964736982,3.590632781,4.4093189434,0.2293988276,0.6508489042
2,0.8437702477,0.2639165559,0.2389631421,2.2764542035,5.849072258,3.7308186401,0.5773872848,0.4958108858,0.7791500936,0.8161286133
2,2.5856223091,1.9267560904,1.0751690395,0.9471743718,0.7963835991,5.271504287,0.4689794694,1.4008968678,3.5982298105,6.9868956889
2,4.7772918421,3.6503599262,1.6600302267,0.3469930736,0.6915238704,0.4820821364,2.9577714091,1.5467309966,5.0591117211,1.8576791439
2,15.459680999,1.171477064,0.5604860456,0.1121093697,15.082263971,3.2095141173,2.5195133227,1.2390868578,0.1357610166,3.4302033812
3,3.2614662098,3.6622013748,0.4458542699,1.0573033424,8.4466068211,2.5929082924,5.8333565789,9.6832794988,7.1911088921,0.8540082461
3,0.0371400961,1.4808255854,3.2747853511,4.9898974693,0.0061598819,7.4767313768,4.3539374276,0.5730444133,1.9464568543,0.5627531466
3,3.645509037,0.8510373149,0.2033860953,0.9011297619,0.7835468302,2.2817092969,0.1206662142,14.888085336,1.9650353388,0.2664634734
3,10.613976627,0.0681973947,2.4846359879,2.8779057612,2.3699542028,3.0384363162,4.3619784553,3.3579480387,2.0987788821,1.9929295274
3,2.6395679412,2.9461165844,1.2148281974,2.6612179913,0.2035177977,0.6147249702,2.0717134172,1.5748224173,6.8808188289,6.102373762
3,1.075026799,0.1143081006,0.250799218,2.0602376594,0.8119414627,3.2206476364,3.7840444264,16.143223552,1.5174629045,4.9279059834
3,0.8586727358,0.7046826654,6.6351761907,1.3503785571,5.6984276955,4.5548607292,1.9818732382,0.7652562585,4.7322843326,1.3567199696
3,0.0702960075,4.494308055,0.1110250502,0.0921163252,0.5541619363,9.4082330037,13.442037333,2.2508822531,3.1453225802,5.030840865
3,2.0823629492,0.7071826232,0.1637005955,6.3058218231,0.5324309073,0.2792472617,0.0835737696,6.3998854371,7.4305564266,0.361560966
3,3.2600177221,5.5403068262,0.588635043,0.4149158951,1.9964458822,0.6242430689,4.0823851283,6.4828063073,3.5313836425,0.090622888
4,0.8604546533,3.8508693362,0.7769665572,1.9611777466,0.4435976348,2.286797882,0.0612480766,2.5428559817,1.2161649715,0.478502805
4,2.7450424699,0.7167250611,7.4226642364,12.666863128,0.5016786846,10.650916821,5.2425097495,5.3265047149,0.2453778068,0.8245824333
4,8.5911156144,1.8746577567,8.0758322153,5.0969549611,3.7632614948,1.8167475273,5.1891205343,2.8667997022,2.6706559278,1.1061424286
4,0.193092325,2.4766117014,2.601926592,0.844957939,3.0645273014,3.8759826375,1.9307475759,2.3996426374,4.8613070267,0.2475893078
4,2.0545189797,2.0306070444,1.0701500412,1.1547991194,6.560299106,0.978227533,3.6771211582,2.2346603144,0.2654801642,3.4986981888
4,2.0561886946,0.7744375764,0.3160495218,2.5226148423,8.3187876384,0.5521386029,4.0702120308,3.259697036,9.7102996019,1.8290813931
4,1.1505922178,0.4784387041,0.1661857417,0.3006493719,8.0787755464,5.740640588,5.5248909972,0.4943291821,1.0509093614,5.1222672341
4,2.2974892518,4.5896017691,0.2580524109,8.5208926726,3.7436305528,2.6865274577,8.998463874,0.0789919022,6.7908491349,1.6350641986
4,0.5440881423,5.7580603637,3.5605537595,0.631556529,1.1971282643,5.0532766826,3.4158480325,1.9441061355,3.3003722362,2.03147883
4,6.0808378604,2.0637855177,1.5144038033,1.2429530671,2.3848771,2.1262017845,0.4955026581,3.1616786235,6.2629422119,2.6068792602
5,4.3326205036,0.598157914,11.017591446,6.2710027263,9.7039087761,4.6338932448,0.8192225599,0.3172896786,6.2625668372,0.2720717738
5,2.0279110015,1.0640272117,0.8308736651,0.8418587038,1.610417071,1.5299921068,0.6608844364,5.3399038901,5.6702569534,7.662478765
5,0.8388910143,1.2254465179,0.9817973721,2.9306395849,1.1834660245,4.221385085,5.3514658205,0.1612564289,2.3168558668,0.2724877817
5,6.7489488844,4.8991950587,0.2160224854,1.1327010716,2.562219696,6.8035388526,2.2808880046,4.7733201057,0.4250337479,2.6179036097
5,0.6198285376,0.9059254683,1.2670251678,5.8521393171,10.195445401,2.1671239493,1.183558777,3.437483862,0.0569555874,3.1577959338
5,1.291253937,13.944751641,3.3326485574,8.561850243,4.4453206572,11.635552269,0.9096852791,1.0809016408,0.186317672,1.2516869149
5,1.0356676078,0.4083484816,1.1056709131,1.5516884048,1.4813358309,2.7049430374,4.9899551172,0.032014493,1.4352033937,6.0697410354
5,0.0013441344,0.2896229197,3.4771964448,7.7552642475,1.4175915987,0.1326509449,7.9261835238,1.2023887025,1.7656739435,4.8142774451
5,2.305835566,10.195049881,3.0349750428,9.5507751234,0.9110352321,0.6106995202,0.7755103684,1.7533975037,1.3340219016,1.5713587543
5,1.5084883575,2.6076200864,1.8720101474,0.8724001663,11.129489516,5.7708309696,5.1332884714,1.0961943112,1.6947937257,1.7143564048
6,3.5299477481,8.8620293831,0.8737272483,5.0261676125,14.16301763,7.8872708476,1.2057554005,2.9251173015,2.8890589818,3.4659647022
6,2.0868979397,1.9803080827,4.4275248816,0.8234190746,0.1165570842,1.0980596603,0.2118884934,0.5700548771,2.7416291278,0.1909470373
6,3.8053874772,8.5056460702,6.6029840417,8.8782282919,0.3030258247,6.6373101669,1.2463232787,2.8495793147,10.144906894,0.9829860904
6,13.729907106,2.4391637993,2.3164470594,0.6949141772,2.0120569522,1.0061560109,14.951573333,0.4989913192,1.0232652539,4.0653236933
6,1.0230503677,0.6157702014,3.8650280747,0.2632805032,10.933481214,3.859170923,1.3942052906,1.0437209314,2.6821055793,0.6739589939
6,4.5566523582,4.353452434,0.5411339322,0.0359490791,1.0716604851,1.5892379995,0.937917519,0.7949818207,1.0732913768,3.0970596102
6,0.8514636878,0.1029470488,4.9955095391,1.1519774777,7.8367127413,0.2497274493,1.7721261894,2.4355865393,1.7496600861,0.431667558
6,0.5707785696,7.872168779,7.0146996938,1.5856874679,4.9329857137,1.7827475819,1.8809498613,2.0182088538,1.7008875666,0.8762303158
6,0.9207583649,0.1780085297,13.213784647,1.6100437708,0.1073788862,0.8556127257,0.0957203079,14.130705496,0.2064118311,4.1803091522
6,1.903478154,0.6588609101,9.2685678068,3.1513494747,3.0453358453,4.3607010472,1.3328346107,1.6739267791,0.8471616047,0.8196562458
7,6.2576717253,2.7018736858,2.5236632575,2.3920752235,7.6577998679,1.5764634198,1.8690633095,1.7051890656,1.823303387,0.448406189
7,3.9905303871,0.2351688251,0.441682804,5.841721428,1.5210549146,1.9318052544,0.271937576,1.0498498071,3.3385167853,0.4341242615
7,2.6649575483,1.8632969616,5.3935297249,2.5334357052,4.2292462815,1.3053928909,0.3892144415,0.9994619439,2.7440954138,0.6172290772
7,8.7240600282,0.726623485,0.7363850411,3.0540504966,8.237668737,0.8790478625,6.5062024654,0.7948401555,0.2008171031,7.0903460457
7,2.1091663334,3.9084351912,5.1067696827,0.1200056604,0.3725809688,0.7113871188,2.7765389097,0.3773210734,1.6192928112,4.6284858813
7,1.5821808294,0.2155740611,0.5782798018,1.7508494642,2.9441300632,2.3663352903,1.4610373706,1.177140431,1.3976229132,2.5708373427
7,8.0555333658,0.1560731181,0.2204120441,1.788609415,3.4724681965,4.7556932309,2.2575650838,1.8475409618,3.5575389985,0.2274500895
7,2.1621242336,0.3883505461,1.0636643688,0.0754754885,1.0198602492,0.8652456528,0.966175689,1.2060655069,5.3650750322,1.0577606889
7,0.9669153293,0.5181528175,4.4667322053,3.9667750522,4.6221649468,3.6778960762,0.8107533469,2.754815576,7.1533562637,6.3155169632
7,3.0717910965,3.8624350563,5.8468330702,1.2832952484,1.4393372974,17.737912568,6.3425883247,4.1972779663,6.1510280785,1.3782278949
8,3.3279944198,7.1226966676,0.3497507912,3.0032104988,3.6960682457,0.6763250495,9.9489820903,2.5412951985,1.3665724529,4.6353623461
8,1.9976215465,1.5791911094,5.245683146,0.7411772407,0.2806316868,3.8447400686,0.0776467382,7.2489557966,0.8878847953,4.8381576151
8,3.8557011671,2.9922483352,10.640290426,1.4016485578,5.2219544473,0.9156880411,0.4387687402,5.9894994063,0.6316172498,0.3146523889
8,0.7205520666,3.2943838477,0.4392963824,5.3208816222,0.8312025215,0.1862325969,0.4934515849,3.3857828317,1.1908743941,1.376576681
8,3.1469402788,1.8594734196,1.4522788863,0.0358612373,2.8392551956,1.7282969644,9.7260856738,2.6823259736,2.7483009125,3.5779458472
8,0.0088825232,0.877549361,0.6356102715,0.2950076212,11.273308201,0.6975809178,5.0505904585,8.8617890788,0.7780352682,1.1399786862
8,0.217995284,0.2481007275,0.2391131357,2.942871101,3.309962583,15.739129212,0.6214411351,3.9223828533,0.6380700729,8.6061875436
8,0.2602560812,4.8407249654,1.4502496705,3.7422684992,6.5410459026,3.0700622813,6.8118994739,1.6809259199,3.4710471368,1.622621458
8,3.0305026715,8.5115768265,1.2699942917,9.6590552117,1.9884881448,1.1065882367,2.5383739562,7.1175537119,1.3457590279,2.440368563
8,6.0553332726,3.0226924095,7.4984763663,5.4862552971,3.3103393315,7.3799741237,0.5574222431,2.3430949329,2.9700346173,3.2339089044
9,0.6548854944,0.4817066854,7.9786823713,0.0708747994,0.0562177116,0.7142797503,4.1546627869,2.1769927139,1.0264725661,3.2556184551
9,0.7879100452,2.822551774,6.4749162952,4.4132639141,4.8837898024,1.458864231,0.5781796504,3.1164905174,6.1037604126,5.0147694829
9,1.0935232344,0.5967355896,0.0533330754,2.9746738755,4.6035894601,0.2024738486,0.8157893969,0.2884931692,1.8205933987,3.1455008356
9,0.7766483596,2.8298420869,4.5981815179,1.0536888152,9.1834631032,1.7249126963,4.9830385223,1.7731886476,3.1244810337,0.4759401642
9,6.945472924,3.5705544272,1.6734895062,2.5072568859,0.0717383609,0.471995432,0.7325638725,1.3760383635,1.2674987153,0.4085579326
9,1.3525853201,1.2931901013,8.1421339346,3.2086339161,2.0481547029,3.4552141741,3.5247688622,2.9955276631,6.427404612,6.4940148535
9,1.6995267876,0.4776880259,15.607728304,7.9172437183,1.1707335626,1.0152021484,0.2643520183,3.4561248837,0.800203778,1.4504000292
9,1.3050979863,0.297838528,4.2546382087,1.0196615068,1.1864006001,9.6920925526,3.8616315574,3.4245284662,3.6580625408,1.0912452548
9,1.3736209156,0.0059743457,3.2332403254,5.7992398788,2.6256473628,2.3491980745,10.92978839,0.1567260366,4.5043224938,0.332363723
9,1.2836572585,0.480709807,1.3893438815,0.2216113767,0.4198915105,7.3705904755,3.1540381033,1.017714945,0.7358313282,17.217970638
10,2.8555589304,4.2956283615,2.8839751082,6.2786754988,0.8682537292,0.8572611105,0.0403471266,0.7724781414,3.4881045794,2.6982428501
10,2.2949593513,0.934387415,6.5477823023,0.1946120653,1.7336719175,2.526711472,1.0821503771,2.0336224657,1.1527843319,3.8494675589
10,3.1670096923,1.3388791573,1.8901446914,1.4088554126,5.9224311029,2.6371928558,2.1591376464,4.1706018553,0.6636685873,1.8182329365
10,0.7335928033,0.5765183113,3.6779917844,0.4490595537,6.788092977,0.9466147002,0.0600527444,0.3594717089,9.7140699355,0.3832847618
10,2.1256651183,2.4377894993,4.8264745905,5.8779934073,0.5176994048,1.4585522379,2.4298281442,3.5746659354,0.2624233095,6.3014712541
10,1.5541401252,2.1040089188,1.3496555839,0.8025352976,2.4413145904,1.5615254304,2.2161634183,1.1104273816,0.6110110097,15.087321757
10,0.1143989503,0.1467776711,1.6804149315,3.082706784,0.3296456372,3.7094897216,0.0503462634,13.919743972,2.6775372991,3.0261645487
10,4.4415286392,11.893756453,4.9251573153,1.6476637848,1.8349595938,5.2606889553,0.389979924,2.0960140523,2.831783818,0.3983912443
10,1.6228709196,3.333125198,2.4686212324,0.323179351,4.2332109894,0.6191292365,1.0760173707,0.8490905347,0.0555899549,3.2454788861
10,1.2336824256,5.2694520554,1.0475267851,1.0849175371,0.3839336326,1.9414525937,0.0714936446,2.7259667918,0.1140747289,0.6906027466
11,0.1725759209,1.528576522,2.1717919143,3.7559399132,0.7636204218,3.8436665742,8.040937447,0.5105510406,1.547564389,1.877139526
11,1.7442989078,1.4559601949,0.318357826,1.7025540637,0.4411325651,1.5431941411,3.9234491803,0.0456826524,5.0914004047,2.0340996015
11,2.9081171904,3.6125055935,4.5834839128,0.1061399445,2.8079892612,2.4476222837,4.0384500092,0.6159150587,3.4169480223,4.5300139189
11,4.6858478463,7.0826327748,7.7065955539,2.5163335163,0.3439985501,1.4524545309,8.004488657,1.9368558349,4.732084304,0.587839712
11,0.9857988509,2.1315832935,7.5602928626,1.2006399131,0.6044184062,2.0085498724,6.4133834993,5.7570826396,4.0820060482,0.6632926636
11,1.1975457616,3.5611110402,0.2259786049,0.4868387894,1.1316635459,3.6028497663,2.3737819122,7.2557190928,0.8317074847,7.8848538169
11,4.0244323017,2.1619545788,4.4069950283,2.4877382599,2.5482282446,0.7415619754,5.6121634714,6.3777466607,12.094239096,0.0417192801
11,6.9967850742,4.2467753931,9.8248879032,16.649027548,7.7262963142,1.5125056966,3.7090427609,0.764391399,6.3004761988,3.8072952357
11,1.3979490293,0.2934459309,0.1671353186,1.1174034902,1.2411971063,1.8123743781,1.566987759,4.6202550612,4.1742402181,3.3783317643
11,0.2375429606,0.9049559364,4.2838912612,5.0867016441,5.6317291009,2.1889218621,0.0448442849,4.2943602021,0.5982571056,7.9038814909
12,0.3344851789,3.2129502501,5.2421366341,0.125887948,1.3954904862,0.9305429178,0.9760538742,0.5265753732,1.7875223651,0.9917130498
12,6.0590243751,1.9203370313,1.6057258385,4.2694808211,1.6779441999,2.5186556424,1.3881087366,5.7585667859,12.103640881,0.1993279344
12,4.1008402354,9.8108248858,0.1249791269,0.1147220822,4.7332383687,0.6292548892,0.8017404155,0.8394755628,2.7498368791,2.3086893637
12,1.825505057,2.3499812966,1.3279755064,0.2715135209,2.6877082347,0.9549939189,1.0956661491,0.1446976722,2.8204543442,0.939207425
12,4.8245463311,4.1505910315,5.4971660541,0.4772359509,4.8911926021,4.7005624107,1.0802086403,1.7713675372,9.4718121321,1.8361169222
12,0.9117958653,2.9068929992,0.9560965052,2.078519011,1.6090583642,7.9357046417,0.6292463596,1.3471694534,4.7145503383,3.6000846032
12,4.9926586887,0.9806869641,4.3843023662,1.4539640565,0.0017481044,2.514004809,2.7532548914,2.5603857644,1.7882383791,3.4730789729
12,6.5187315438,0.2822876196,7.503024781,3.0283666125,0.0800124594,0.7753980328,1.4573121915,0.983407303,6.1082972595,0.3875689834
12,7.5934383654,0.7735731637,2.9544386218,2.8196117636,2.6235025098,5.5760009234,0.7113594652,0.8966391023,3.5560166217,0.1077442807
12,9.7632958116,0.4687539793,3.611119303,6.2730045829,0.2810945439,4.4806704492,0.0425590146,0.7714510056,0.6278401398,2.3698271628
13,12.37322779,1.2724089085,1.8398311263,3.6238273148,1.1883866991,0.2917854044,4.8552084444,1.2138046505,0.2377882657,3.8589262625
13,2.9551694745,0.7166217448,0.3812838523,1.3417111781,0.1175088843,0.1720447277,9.8583736911,4.2849768527,1.6550813664,5.1360397788
13,5.044205731,1.7828462602,5.3286138264,2.5316978979,6.376978465,1.397494073,1.6097569637,1.8924567131,0.9267909676,14.45970742
13,6.1156811476,8.4059089105,5.9688233204,0.7261449619,0.880053622,1.2233292196,2.7441474321,2.1631884456,4.7868286984,1.1658169231
13,5.0655067631,0.6806401114,3.2347347169,5.333851694,1.75237762,3.0357211652,1.6485416788,3.4965992947,3.259243436,2.6263620983
13,0.6934580718,5.9165991781,3.209244085,0.4677876589,19.064295439,1.0081129823,2.2296402311,1.8167616632,1.1564064577,0.2337977478
13,2.5800075841,1.5789763321,1.4473209382,5.6287175404,2.0853030895,0.9429352803,3.7715135105,6.5050189502,1.0055334194,4.4114117155
13,0.715828328,5.4068005037,0.3201545832,3.6080119436,2.3944881113,1.881838415,0.5113732789,4.0491265182,3.2719333669,1.3823093512
13,4.2534049032,3.4280647638,0.1317414704,1.4912214758,3.0617593676,2.7512121851,6.7579634691,1.4368931668,6.0121928666,0.1762073681
13,4.6060518767,0.6142455232,1.3037586776,14.068779111,0.083693891,0.3192575529,0.1750502539,3.1492008494,0.244709706,0.623629683
14,0.4694469453,0.897426651,1.5311020412,0.6825766972,12.306570331,0.6037328794,4.8927254607,0.33271464,0.6751587527,0.578399937
14,0.8109832522,4.7107974196,6.6621496791,0.8950896035,9.5362093546,0.1678427862,4.2624512813,8.1363322577,3.1841399504,4.0224383077
14,1.9649229167,4.9832453229,3.0542357285,5.8101203973,0.764910088,1.9844207016,2.2553745023,0.9842957928,0.8096174409,2.5409735114
14,6.4540886464,0.4074401948,0.2975279054,3.0649449861,6.1138488607,1.6399882608,4.7167513488,4.8749419498,8.7001220122,0.222167015
14,1.1401375723,3.8504010291,0.1245739479,3.3465369521,0.9157783321,0.6439343923,0.558829386,1.8140069988,4.8313785102,3.3453782602
14,4.6975529843,8.7816829186,2.2750937549,4.9294477498,0.749249353,6.0072708044,2.203578105,5.6658189891,3.5847149697,6.0243737537
14,2.7190609704,0.7164678873,0.9590805902,2.0689187717,0.8327013776,0.6756551648,2.6185136037,1.460728932,0.8514390904,0.4165166894
14,0.2631181631,0.1755537906,0.0389000046,5.7638762314,5.7573097787,7.283249056,12.55575981,7.7315637353,2.1587984289,0.7718532467
14,1.7202020789,0.8799362525,4.3943427988,2.0019140958,8.4784534697,0.9294492136,4.0558312355,0.4640562047,4.5413749308,0.1495607035
14,10.124528243,2.030492382,5.1468002685,2.5832218478,0.9596335633,0.2537403932,0.2448392727,1.9836329487,2.4030779219,4.6399036837
15,0.8151672508,2.0355157743,5.4490249425,2.0354144819,0.2790517,0.2007234417,4.2873910741,5.9924145451,0.5714810206,0.8073835242
15,0.6412372171,2.0634406396,2.5247144131,0.5649815748,0.1055745081,0.4148448562,3.4918309297,0.5497695531,2.523263,1.8744817685
15,3.5987217357,0.1992305401,0.9710609311,0.7508330137,0.0974279563,7.2359919214,0.2105775401,1.1201290558,0.25554284,4.1981716651
15,0.7446879306,0.9814649988,1.1316222429,1.1259410326,0.0593326007,1.72623039,0.7346317444,7.7806966814,2.0650140068,5.0760465136
15,21.880613769,0.5687212255,0.1346179912,12.031965695,0.9822754382,0.6781625395,0.1159898002,1.1304707039,0.8600704725,2.6534835575
15,7.665900851,3.0602391074,0.6199832682,1.087079171,4.7457046089,8.907917892,4.5270764001,1.8349791961,3.0347869105,1.1604059908
15,1.3100704423,8.6191419167,7.7941466907,0.0422342352,2.7263309436,0.1482973011,4.6522157212,2.7157718486,13.376549873,1.7732512609
15,0.6631624913,1.3717021702,1.2946136764,0.6947259168,0.2037148911,0.9904473048,0.4320762699,0.4904324857,2.1643300561,2.5602849361
15,0.629972885,2.2035629096,0.2393790023,0.3419062487,3.4171545237,1.9043636041,1.7820950551,0.4931766293,2.4537099658,4.06058115
15,0.1733967228,7.4076053691,0.4641677092,0.1092269544,1.935631526,3.3772504639,3.5024484083,3.0126217642,0.3352202105,0.6076424832
16,2.5016811639,1.8753168912,0.1682361246,1.5464194931,1.7307926284,0.2114242103,0.3684189896,3.1789837603,2.6188525554,7.4099359442
16,2.7845034923,0.3176379566,1.9686106429,3.6811888156,1.9424945023,1.9250216056,4.4160088498,1.8882365384,2.8496666626,0.1838641912
16,5.7409311471,7.8054288619,0.8890952722,10.814226869,0.091320032,2.1821782436,5.7190783126,0.7291548527,0.2791073373,0.8212079988
16,7.5302943152,0.2442829132,0.3248432175,3.1620852292,0.5494899464,10.512951978,1.5143522552,2.1484704776,0.5439657154,2.8506843435
16,8.8091391485,9.6377562513,0.6367896804,4.3197454723,0.1225833746,0.3979785251,4.9005084251,0.5798163222,5.6415544205,4.010958765
16,2.3840164756,0.223474986,4.2346851784,2.555758849,1.2077756857,1.3207290022,3.3099668619,7.3150366865,0.4495290736,1.1743587182
16,6.2261133695,0.3653566157,2.8183413633,3.6971204989,0.6328691039,3.9728580242,1.9482785777,3.0856717266,1.9908851081,5.5159041224
16,1.1416197665,0.3309269372,9.9545387607,1.6572952052,0.4943913921,1.4700533259,0.6414695571,0.3682316431,0.2361648167,0.7605046906
16,2.2108733074,4.1592040161,1.8136310118,5.4146361626,4.8031061739,11.054506139,8.4864585468,2.6199815639,0.231455918,1.2798136372
16,2.5146749338,1.4782762848,9.0818050732,2.0507614385,8.090847208,12.635839465,4.5980656223,2.4376086806,1.8240271497,1.8356063278
17,3.8452787295,3.6130465852,8.6543958336,0.0439258011,1.6270178885,1.36937341,0.9889114823,9.6090095632,2.5525201182,0.2544475187
17,1.456468518,1.7737508438,4.1814610791,7.782224341,1.849392594,3.9813929344,0.6003744904,0.1948065512,0.4177319766,0.4213678939
17,0.1632239917,1.9971979718,3.1127299565,1.006747679,1.0807433101,4.5521980879,7.6970301794,2.5561346744,9.2296302513,1.2495047686
17,0.69999157,7.7625405901,1.0568442419,0.6106322503,2.6018718601,0.5900679269,0.9309480956,0.0303906286,0.4660873293,0.4361749668
17,0.0247472062,0.4707744271,0.9584754959,1.9745950887,1.0078571669,4.0364633975,0.7955292686,1.2801622197,3.0614831728,1.6675223941
17,3.849481942,1.1422028547,1.241157938,0.1663083186,2.6373453059,6.2247316583,0.9279968607,5.2689895091,0.0427828849,0.5321407826
17,1.747544065,6.3444396111,9.6349299041,0.9182060393,0.2516837403,2.6404520496,2.4194693746,2.8137609679,5.3088012587,0.13460312
17,4.7292129725,4.1905347069,0.505070869,2.6908495008,3.6762464076,5.45530863,1.5939989232,4.6848136014,0.6657135119,1.0709846781
17,0.0593157725,3.3275814153,5.0093838258,0.8453176999,1.0395424186,6.5246461043,0.3618567009,0.0034931525,1.3259835214,0.7137606207
17,2.998509242,0.1805121893,10.885166109,2.483865076,4.6162203754,0.432707493,5.0994156673,5.3278871701,0.6620809302,0.7683300169
18,2.7091633584,0.6073717141,1.069293041,3.2123119418,4.2498964027,0.574334388,0.1603093006,1.0994846335,0.9060614853,0.0902414921
18,1.7101773208,1.1368651735,2.8719745276,4.4143487891,0.8893200379,4.5315090741,3.6741417212,4.472502301,0.7775027443,0.4549749498
18,0.2644500026,0.2090932088,0.2230467774,2.1357941723,1.8214794071,2.0139402844,0.3067884021,0.6552097001,1.9009318236,2.123782839
18,6.5142724464,1.5099258599,7.3973660669,0.0840479645,1.8327609518,8.0581892533,0.8400939702,0.6022348676,2.4624688358,1.1443212018
18,2.7962143177,3.2562257078,2.449963745,1.1947844245,14.325948236,0.8338119908,1.9801998311,2.2877543538,3.5650198773,3.7885263518
18,1.4676074598,3.3047636749,0.092066255,3.8217399048,2.6099669015,1.7079374757,2.2746731833,4.8968004217,0.6563679909,1.2205780999
18,2.4836176563,1.4306260585,4.8790855306,0.0781783314,0.6567377761,0.4841274091,1.8822636087,2.5215967658,0.5209440564,1.494920913
18,1.6261944557,0.8909951329,2.6658177322,5.6042343043,2.7610657856,0.192627817,1.0114805364,1.3137736045,2.1759422713,10.816054717
18,0.453843206,1.7918364253,6.7184714426,0.4032269141,0.0263598809,0.7812079508,0.8810706943,2.3487512584,2.1370975874,0.1257003776
18,0.2475981823,0.4856968142,0.7547004104,1.4696167161,0.4782689048,1.7554961285,1.1811278596,1.9230389659,2.3555983797,1.2563643404
19,0.2279519514,10.642788706,6.826439403,2.2508648554,1.3029903858,3.207912377,3.4417010279,4.0536886892,1.3163810924,1.4082066052
19,5.6248813451,4.62148929,3.5717534626,3.7169703211,5.8644887035,1.9576975486,0.675567143,1.3974152317,0.6152036809,3.0863645027
19,0.4811610818,2.2484236752,1.2828702386,0.1354374327,0.2046521514,0.6117376669,0.0868546825,0.8620888738,5.540855398,4.3345361399
19,0.819388421,0.4977910758,4.2811812097,1.1032152825,0.3516589413,2.5045057664,1.6797277688,4.8385362342,6.1136081934,5.0748657379
19,0.4757549385,1.2362083701,1.0470915036,4.0500932086,1.1329009882,1.3735160562,4.3842501512,0.8649581034,6.5667314828,18.220501142
19,1.9442370297,4.8795820721,2.9708052118,2.7040693745,2.5398273947,3.5682825857,4.0664846042,3.2210878036,3.6672713596,1.584205234
19,4.2118034576,0.7245520308,0.4552222767,0.3279770408,4.0230990151,0.906193115,5.0542961274,0.6973502094,9.0755511213,1.9246849435
19,10.317832691,3.0907657198,3.7790462494,5.8731343653,7.2997062368,4.2249725103,3.9075555967,1.6759129419,7.0891272635,2.1313249557
19,3.128418587,7.1964529367,2.3378338855,0.7793796625,1.8571666874,1.7571496298,3.2275924835,2.563931062,3.4673167697,5.7014813547
19,2.2335951783,7.2622951099,7.8529643496,2.8086983496,4.7270408566,4.4597203747,0.4343416831,3.6940951373,4.114907158,1.7810436207
20,0.4184220085,2.3808244628,1.0536671041,5.3499202016,6.686827868,0.5042981601,7.9365281477,0.6397710771,0.0964079578,1.6147644769
20,5.9577093091,0.122911682,0.8041594602,7.20919091,0.4768756526,1.6181799491,1.8065318875,1.5187848613,4.0162128552,1.8320334856
20,0.9399355408,7.5035965356,0.6732165471,3.8925261837,1.2256412596,0.5076687802,2.5941766854,6.5674647809,2.1123881701,5.1199729369
20,0.980120261,1.5165909616,2.6429872841,0.6126836271,1.4876039229,1.8076283288,0.9842544593,0.9239101601,1.5667439436,6.0823486962
20,0.0362581639,2.9128989492,3.3745045104,5.6445035525,5.5048241172,0.0179406051,5.4494263438,0.1012898676,2.639913092,0.1087692405
20,2.1671091081,3.2820126833,3.8205882026,3.9016876184,0.361116842,2.0336823663,3.612266024,1.1411592243,0.8559691765,0.8946163851
20,7.170000631,0.193724232,1.0192769577,1.7871967177,0.1626387497,0.6741561914,0.762334382,7.3352810991,3.7170514796,0.0903367911
20,0.4720777957,6.2506608868,1.7875187567,5.0015036993,0.5153267094,2.2154490434,5.6987793065,3.1840843999,1.449527849,1.3498541743
20,1.4300147776,5.6534088987,0.1536475782,2.3506118253,4.3994623735,6.3427538561,4.1362305661,4.1428757242,3.695418382,0.420664548
20,0.3005186951,4.4366035951,1.4592248689,0.2043493622,4.8279144653,0.2628989786,0.3937467068,0.6830335063,0.2782541914,7.033597776
21,1.8078520746,2.3350742343,2.7843050825,4.3028697421,4.7580733892,1.5034986284,3.6215974633,6.7188873509,11.924083314,2.4731216703
21,2.6103425857,2.6287893805,2.8269308292,1.7155326401,0.1443906427,1.614041978,4.427535951,3.1556329094,4.3777064701,9.0922092147
21,0.3165189034,0.2960114823,1.1882247545,0.0336502755,1.9745718126,0.2052719256,0.8861794126,0.7049620703,1.3656863707,1.560152977
21,0.8785237047,1.0858345711,0.5994439521,0.1545099066,6.7885573911,1.9145259973,2.5002164848,3.7905049049,1.3784805904,1.358562721
21,2.0062476286,0.3328182828,8.1431141102,2.9522050734,2.7998049014,0.4784604518,1.4375928008,0.0910865975,0.9811145097,0.2388087105
21,3.3050419183,5.5925484435,1.051231,0.2985750282,3.6161857807,1.0297336409,0.9594340195,2.1283984911,9.9877412,3.7665645132
21,1.0998052896,0.177052325,0.7769676639,6.6499704825,2.3739422957,0.5642826222,3.8005605984,1.2334329081,2.9032875137,3.2276597495
21,4.2636654261,4.7885130746,0.4486738535,1.588153794,0.2627517196,2.6237014988,6.2647005183,0.9044614501,1.6409295494,2.9243725649
21,0.9542353154,3.5449703364,3.1676603433,2.5414269904,0.6341534996,3.349790031,6.2514859384,2.9460249593,2.1966283609,4.1646457896
21,0.1290445695,1.8675755737,2.7747116989,5.610704073,2.1035060917,2.4332627412,2.1159289863,3.2397061301,3.5841498379,1.8253706313
22,0.6136973441,0.2997221733,9.9244182733,0.2806651442,1.340407647,5.8711920289,3.9468494519,5.2864036075,9.8063283113,0.4938697294
22,0.4853727949,0.0305040157,6.8414121418,0.6417168987,1.7974777428,0.527370247,3.807995224,1.0048963087,7.6240719359,4.934896604
22,4.2832039662,6.9216545456,3.3098838918,0.7415389168,2.3038137991,5.1661764502,1.4073772556,2.4835697265,1.3409941057,0.6896545578
22,8.5704215704,5.5015748828,0.1118873478,0.3674690975,0.1737974035,0.2573513024,2.8954371408,1.0233703568,4.8278870842,1.5367657527
22,1.1383901091,4.088013864,1.09799618,2.2227582376,2.9579860368,1.3914079608,0.1987269678,6.6004999979,5.0879701391,1.2787886213
22,1.6823095874,5.6844324256,2.5812189431,1.1211935637,0.4092283127,2.0055210803,7.4760645974,0.3710020174,4.5010025549,5.2592405614
22,3.0751682809,4.0275273044,2.6750012198,4.4026187445,0.8435890975,1.9133347065,0.3066371547,1.4790202496,0.0643484264,5.7971089507
22,0.0120334651,6.870846646,3.809599118,0.5741665778,0.3421103285,2.0215992505,8.8827263877,0.0007679866,3.75361768,0.1701443442
22,1.7645639927,0.6644627469,0.2489799665,0.9199243908,0.7509052225,2.4320090998,0.2823893738,2.3251046632,3.9472170172,2.4381385699
22,1.2041104087,1.6319485662,3.0122216554,1.8246068338,3.4858808157,0.4326137931,0.5440285637,1.2205100497,2.2449391845,7.0682283192
23,5.3287293486,4.1919828557,4.1224290578,1.4827732719,0.8532736465,2.7247470642,2.5124741544,0.3372844703,1.2865275765,0.7874955603
23,0.8003103559,0.7719163429,4.7075136131,1.4385446504,7.1704092681,9.389764729,0.0038430677,0.4542555443,4.3317804574,1.6338502908
23,0.1731834924,4.1153305345,1.9971009599,0.2212952226,6.5281322142,3.6277795624,4.2050777485,0.2656452808,2.0203655295,2.8327034422
23,6.0038184025,14.95011269,2.4606058359,3.0789584712,8.6524102145,1.2117088209,0.1340196652,0.1857953206,0.973378545,0.2566244032
23,0.2653640709,5.691966823,1.4218387482,0.0344423605,1.8959161236,1.1053777265,0.4911425978,0.4617542404,0.3718523901,2.5977833118
23,3.0553445897,2.4641218901,1.7091717626,3.8422854985,1.1875394466,2.0764050207,0.2246300227,1.2527892063,0.4152418082,0.8437117251
23,2.3136515991,6.175327195,1.0484773972,0.8252241192,0.9981253476,0.854925085,7.9248208158,1.8547195117,1.350261782,15.222771411
23,0.4817406893,1.7850978793,1.4184608307,0.4820971465,7.4713647455,9.7628019846,6.8551564987,0.5841854757,1.3352905619,2.2532536837
23,0.4867085273,0.192871461,6.4228098643,2.119854669,2.156562896,0.0397319257,5.543688055,4.9390578869,0.4333994507,0.6294334284
23,1.0690308214,0.1806817822,0.1089467777,0.8499709638,0.9154624974,2.4281461368,0.4801447753,4.0627880906,2.3320625863,0.7446402383
24,6.5831409421,0.3065202021,3.8721890273,1.6563908675,0.3937172743,1.9317728529,7.1955814304,1.0926553016,0.5891328432,7.8434071552
24,3.9379470268,0.7962979568,0.6533519119,5.5062706752,3.4868476832,4.6391042774,0.5810173295,1.5507216734,1.9204052064,3.5532978953
24,1.0002371471,0.2097200768,1.4300277732,6.4273324193,0.1919586574,3.1745788192,1.161072128,0.0450661418,3.7821461667,0.1627628485
24,2.6512776384,0.6041058186,10.055358121,5.0972044341,1.6991142862,0.2040169827,0.970722473,2.5731627451,9.1491865164,2.4663041902
24,5.1052591532,1.7522667497,1.1462605742,0.9314994471,9.5004728249,1.4680384777,6.050934153,1.2225623327,2.6527664005,0.5226049536
24,0.1949651543,2.1858604375,6.5142322805,0.4152916631,15.947743672,2.4877189577,12.098497621,0.1012731926,2.4685570842,0.7037689642
24,7.383867852,8.4570721842,0.8034936065,2.1060501796,3.1364258735,0.5393776382,5.4710178579,3.35224321,0.0216859175,0.7161868213
24,0.8360905463,3.6506471097,0.198262883,1.5240984228,1.823070601,2.5278739419,1.4074172447,2.0384169728,2.9799462406,1.3319982212
24,2.7466196286,2.2222160918,1.8972720054,5.7993022087,0.3009058395,0.0312994056,4.0777055044,1.028091922,4.1314737166,3.7978327791
24,11.224148763,11.18202681,0.5564104577,2.7782917726,0.7538255037,0.1364945035,8.7396619953,0.5875097921,0.8770378095,0.5256136114
25,1.917199844,8.6156603743,5.8166445668,0.0110221484,2.6879006866,0.0009356061,0.8582807713,0.0020836911,3.0272390688,5.1385730748
25,5.7144938103,3.9414656258,4.418745114,0.452609548,1.7114179212,3.3268190191,4.5102774529,2.668647215,7.3045091356,4.2813017583
25,0.0693823847,3.2703545508,3.1788918007,1.6156712562,4.3643763517,0.6089702754,1.2521144936,0.9596338024,2.0707050394,1.096707958
25,2.5883150374,0.0075023386,3.7089533815,4.8621536904,7.9150252429,2.7525153933,1.3224357899,5.0444149047,1.6996631195,13.438577242
25,3.0599931009,0.9373605147,0.5605349852,1.9352770853,0.7392525492,1.7828401164,2.2600460184,1.3169668608,5.9395391952,8.5713551307
25,5.8863161765,2.2539475503,1.8386097326,3.4688103357,2.4594560946,0.0923209944,7.0415608359,1.6013529976,5.0649585181,1.32138998
25,0.1099797138,0.0371475452,4.4115239326,3.8629462785,0.7557018824,4.047488522,0.4932251957,1.7879275372,2.1958663398,2.7845464906
25,0.5508812378,1.9415648008,1.3778245584,2.9613433121,0.0848101122,0.3054819235,0.5667011747,8.2893672684,0.2658462758,5.3693040168
25,3.6171373588,6.5953589962,2.6665975226,1.0932457009,0.710027869,1.7616458976,0.2898336676,4.6201759942,7.2194328274,1.2357569285
25,2.1648466402,1.342916714,2.875633941,1.6712219601,4.8633461794,0.8554580876,6.6332909331,3.6703813468,0.9929869017,7.7665839394
26,3.1245460789,1.2427810132,4.5255676069,0.0645963029,0.0371222987,0.095489075,0.7941223663,3.3273747362,5.5271512183,0.9147901042
26,11.255142322,1.329575578,21.572605221,0.2962289447,3.7740664101,5.2655391812,0.921346633,1.1987514364,0.2183697279,0.5213910314
26,2.7743726717,1.026686195,0.0289573586,1.254568896,14.481163106,3.7128912703,0.2277422839,4.6522390004,4.029866233,3.8392326193
26,9.0551220378,8.269704627,0.8362382212,3.6630865779,0.4225193981,2.6044257364,9.6709151148,5.5579882146,0.4021347761,13.541024201
26,2.6438049006,0.7227035494,1.3330109707,1.0540431043,0.9354396443,0.2536889827,1.3957933366,3.1305827857,6.471460373,2.3446015009
26,1.6495351998,4.9893627261,1.7487170252,0.7944444575,2.9759934966,0.2820720753,3.0601818743,1.0516261299,1.7820591408,3.8358145003
26,0.02529864,1.6042209506,0.0607142785,4.0353737228,1.8932274135,2.0377684763,3.5909449283,5.2250938963,1.5613514731,1.3668923755
26,3.593634637,3.5664655551,2.7949168353,8.7077843635,2.5711981558,1.0978606045,2.9024411087,3.8262177906,1.5089033382,2.1636171696
26,0.2943840374,0.4148764482,1.2710702101,0.0426977538,2.3619894888,7.0296837327,1.4617036779,5.5680551496,1.9756639144,2.3157936756
26,3.2534564826,0.263066024,0.9096203808,2.98173309,2.2875491205,3.6076214602,1.2831471878,0.7581865337,2.7457880031,3.0970883494
27,2.3939365619,0.5883574749,13.793774255,1.1251454618,0.9846988335,0.6196998556,0.5380341143,1.5885514061,0.6648062764,2.3662453891
27,1.1873295691,9.3417000263,0.1584626885,3.8512728143,1.4311796674,3.4277463065,12.354155743,1.504104762,7.516783485,0.6189972788
27,0.4418361641,1.4623645037,8.1129081716,8.811431222,10.82427322,1.6932288558,1.3684424566,3.852100574,6.3173952468,1.0183252374
27,4.5427861243,0.0734185049,7.1232545279,0.2282417979,6.0820225093,5.3141889863,7.8800103977,0.2688674542,1.209831184,0.6290631977
27,0.7331147015,2.5912833742,5.2440613685,0.1357256601,0.7582284354,5.9697669731,0.6677637393,3.1432540775,4.3051321503,3.2316890288
27,3.8352872631,1.7523972253,1.7062436872,0.5318539757,4.3127833426,7.316878244,6.2107259438,2.2348779143,3.1019901923,6.0539678167
27,0.2812374621,1.7343709827,4.6257333185,0.1780633339,5.6968187363,0.8380132739,0.1097474567,2.9994829535,1.1680572201,5.6539466292
27,2.3664767457,2.2670042046,7.9593567965,8.849377724,7.2257857961,0.512681502,4.231351588,0.1743527142,3.2829709335,3.0857234149
27,0.6624226214,1.8477177796,4.2071415345,2.3224691374,0.8471798141,0.0831782423,0.8441724073,2.2246588501,4.3915863351,14.159062204
27,1.1594167094,0.0818597461,0.20141855,2.5129276027,4.2256166334,1.5131428072,1.3695910324,1.3335104966,1.8985245268,2.0187188757
28,5.685262944,0.9753231018,2.0525308026,7.4209353902,1.8679122539,3.9165971343,12.059448609,1.2415285041,4.3733899759,3.8617176139
28,1.1675353727,3.0756640661,8.9050197951,18.431657587,3.8418316412,2.3080903932,0.2223559635,1.5296815511,5.2971360125,1.6095131751
28,2.1870759592,2.1694585495,0.422793093,0.2762994749,1.9426113003,0.9512478064,1.9635055984,1.5249124871,2.5923855863,1.2764329532
28,2.9856889916,3.0674700187,1.8534301935,2.9739548009,1.1680983535,0.3874317577,0.481871723,0.4257799398,4.4078868336,8.2247267348
28,0.0723403862,1.666479535,6.699195927,0.3603560423,6.0831138166,4.3577501903,2.6495358817,0.3112699862,1.2940611985,5.1144916768
28,6.8946733297,5.0834420834,7.2711449646,3.2380171324,1.9933284429,4.2326628073,10.813453616,6.02253817,1.5287721618,0.3395255576
28,0.3479857124,4.6706941185,2.4763539595,3.9854106408,0.0630428834,0.1680683039,4.8669756453,0.1983370235,1.8196808238,1.0808094376
28,1.1825939454,4.4090389971,2.7453558686,6.5145725478,2.3155508973,1.7066015805,0.5326190635,2.7942819287,3.662724586,3.7121580871
28,3.702215568,0.1889046664,0.1339727359,0.8120695171,3.2154593863,0.1031389297,0.6692065399,2.890386656,1.2232011624,16.292360259
28,8.3512343526,3.0820278145,3.2448884626,4.8720679876,3.8664300033,2.1705438372,1.9268928726,4.7742735234,0.5427953941,2.6371418174
29,7.1081671219,3.1976163567,0.6717082378,4.0409951165,0.6576111932,1.2234335786,5.9617847765,1.3143480141,0.1197601507,0.6828935521
29,0.3550541324,1.71881002,0.6040051455,1.9456232658,5.2340692795,3.5753809462,0.8616668679,0.78208851,0.8512843168,0.5857848807
29,0.9525120333,1.9251878744,9.0376203618,0.7594117077,0.5183992258,4.5517787795,1.6780765951,1.1521466828,1.5296182959,0.7540064383
29,0.933600865,5.3488890888,0.9609338996,4.5849521142,0.7894207784,2.7824454686,1.1487657115,0.0447174747,1.7471761501,1.8824958478
29,8.3539902918,2.5440862085,4.094477905,1.1933644897,3.0138871115,2.2366005081,2.4487247499,0.6024429566,4.5251526274,4.6038102084
29,0.9103612874,4.11831852,3.1234819136,1.5155314635,2.8329281373,2.1564681764,4.1433660191,0.2136441905,0.5722655796,9.3205576803
29,2.807902899,1.6373295009,5.7850573354,5.8970786486,0.7521581849,1.1998912089,4.0826259738,3.6208986649,5.8131641376,0.9409966387
29,7.4980048705,1.2856276558,4.0289277674,0.8896623068,0.2759847697,3.6517600758,3.56603677,6.9716223979,1.21334118,2.3664951343
29,7.3972254337,1.44369035,5.1327317519,0.0413390132,1.2849750011,0.3892308978,0.0402222173,3.5290483806,13.416113639,1.9111348302
29,2.7635829162,6.5940203217,1.5313307952,3.4539536747,0.6468895539,3.5931800194,11.761673427,1.3142527862,0.2855602326,0.8733693235
30,4.3676985969,3.9548482305,2.6251585038,7.4312398676,0.639851357,0.0785992867,3.1725765259,1.9321694341,1.3144272567,1.1926075239
30,0.3999184599,2.1518860063,3.1658111383,10.472595468,5.4824967457,1.3564125681,1.5651605683,13.016623241,0.3815092583,0.0841913459
30,6.3641662824,3.0061747263,5.3686114658,3.1870366242,4.0921729965,0.1996264069,0.7801205183,0.4487522464,11.875523348,5.5782436451
30,0.490824221,0.4486907227,1.4557735547,15.198528979,0.0963960362,0.4522973416,3.1841043139,0.774469496,1.2212261053,0.7203784307
30,5.5407270455,0.4988673166,0.2923329219,0.2421483642,0.0408049232,1.1492041083,3.1561582887,1.5805181442,0.1215672401,0.105519808
30,2.5248870886,0.9698450898,6.7632710603,1.7829875887,3.1729535641,4.8728357441,1.2482699336,0.8780121449,0.3757541627,3.3960705645
30,1.1061862194,2.5905852288,6.8474306848,1.9413771705,0.0567115672,2.4147343823,0.4394577991,2.9612422849,0.0878850154,2.1427910483
30,0.0613526103,7.2011357573,0.8998523136,5.3927370261,5.780721488,6.6000534423,1.3378426894,1.2124415027,2.5407411895,4.1939040181
30,3.350691911,0.4531849352,2.2239787671,0.4844321702,6.410924538,0.4420227655,2.791723563,0.2737158653,2.3064186087,2.5943439781
30,1.3031892839,1.1676270679,1.6196714258,3.8459394138,4.9468512231,3.0595436971,1.3062805315,3.3431508123,3.3132376284,0.1550663233
31,3.0606743073,0.1607346413,4.7777251483,0.482673816,0.6980993515,0.4985538422,5.7803940864,0.7191332445,0.2092891954,18.939668946
31,3.7281316651,2.6650996099,0.1318140668,4.808624712,3.4202822481,3.4430805241,4.5929736884,1.6308756656,0.6816874386,3.3783029053
31,1.0330486518,1.2352379787,6.8442299792,0.6195593674,4.3600357543,9.0913226222,0.8226172523,10.539818464,0.9761021016,1.7755480856
31,4.5976980289,2.2727503048,0.6768807287,0.0900776712,4.7461950655,1.4934383036,9.3978398161,1.7427482761,2.8932723068,4.1084272082
31,1.9367723459,0.5516518117,1.5949644577,0.5617024496,1.5404228485,0.1379242934,0.0406748556,0.4516078866,0.2773452424,4.7372773688
31,0.7603786897,0.8139789018,5.3438621205,0.7649509483,0.2958374559,1.3271097428,2.0422075863,3.9958168986,0.5147286628,0.2429037948
31,5.0776543076,2.2601083195,0.0408128424,0.5700491219,1.7360114699,1.235867286,2.2948160969,1.458590176,3.6324812449,2.4917740247
31,2.6142807189,0.3321521274,2.6402409355,5.5885558107,5.1639476094,0.1453025831,1.0133881365,1.2809842988,0.3381200856,1.4545760981
31,5.9688021164,3.2949919643,1.0288818432,3.6263705836,3.0894159102,6.9215126432,1.3085865402,1.5367674475,2.1004693399,1.012129502
31,0.938532472,14.086363278,5.3308334536,6.298832617,2.4458444108,2.5644495305,1.5418556547,0.1373131353,2.9118520403,4.4560534835
32,0.4108683663,1.7120205522,0.0552660981,4.6314159798,3.097631974,4.267608698,6.693467689,1.1956191117,6.1923146675,0.6602236754
32,5.3752951114,2.0501906809,1.1109426532,4.7789464607,1.19696515,1.835818887,6.1526246536,0.0068136778,0.5480721124,0.3486636296
32,1.8764154218,1.5640607486,3.4621148605,0.0283582626,3.8292730835,5.1993564128,1.75525591,0.9215335242,2.118021015,0.2235614154
32,2.0756128387,2.4229140259,2.688351682,0.0071731698,0.5778041822,3.0379443867,11.240614165,10.679611285,2.5357825251,0.6114592455
32,1.2427682919,1.44952031,8.1965485497,5.4272767342,0.0155685788,2.491040787,1.3433684173,0.1089168358,1.2567655198,0.968288831
32,6.6344464936,0.321352109,3.6352693405,3.7256299384,0.3257103004,1.1796539338,8.1218069623,1.6215619705,0.3713925617,0.5398146854
32,0.9805316867,3.9963077973,3.6083641304,2.2040341416,3.5545867422,0.6479988895,5.47212657,4.3981860748,0.5283245934,0.7404237222
32,3.6035791439,12.079080913,0.3813124568,0.1091162731,3.732277209,3.7810434134,0.0877137628,2.6389703873,1.6703708417,1.1125756287
32,6.1168162356,1.8355733451,1.0702098539,1.7939985753,11.208457873,0.0075535448,0.2258379647,0.5243642358,0.7708009812,4.7561544614
32,1.1767526911,2.0024760701,0.0035230829,7.3877326648,3.9992663017,0.2685915034,0.4542091016,2.7472516558,1.2446382991,4.6436156599
33,5.380680888,3.7508289942,5.2131481522,1.2481500739,2.6257732712,1.0226276916,8.6527127719,7.5495102758,10.432466125,5.6202102167
33,0.3471005614,6.0080654064,6.7341523567,0.5287801877,3.5802327095,13.212256106,0.7741490621,0.0054771107,5.074192464,2.3541251526
33,11.198770633,1.3481772908,1.4086715071,1.3415706185,1.7003096039,6.2169078025,0.3134902713,1.6113188406,5.1809620733,0.650651107
33,4.7945180514,1.5867397363,3.2566927823,1.3491105338,0.8437986769,1.9479033609,0.5349173016,2.3870180201,3.3617871052,1.2985043696
33,4.216089179,0.5342396435,0.2935574733,1.7733086108,4.3323933926,0.9532975694,3.612279182,0.4190935771,3.7902341797,2.9592168876
33,2.366962137,1.4657509331,9.2311485716,2.9498957748,9.7728715739,0.4709942665,0.5803465411,2.5075333116,3.7889442058,1.7702262057
33,0.5367788281,0.8516070386,5.9967118208,3.3761857343,10.567582812,6.4802755325,1.2742829037,1.9718625953,0.726855207,3.9537177368
33,1.0539425815,0.3113286612,5.5671377402,4.6462893989,4.0408855044,3.8399451944,1.3570057684,0.7976964942,2.316059516,11.080745112
33,0.6281142936,0.5449290582,0.4274064528,0.2084642514,0.0299211446,0.7713585726,2.1302203864,7.4499287414,0.2743408367,0.019278795
33,2.9698376817,3.5936317297,1.1162859041,2.4286202971,4.3022589332,1.982274179,1.6790671147,3.3153007795,7.3889500371,7.3957895882
34,1.8149943882,0.0736992914,4.7690385326,1.0079444243,2.5024002812,0.3839744416,0.7674583366,2.1172980721,0.1800024508,0.4394698563
34,2.4914722775,4.7517277078,9.2032638191,8.379379138,0.7085450956,6.9577183499,12.812133314,6.3519794564,9.2517953282,0.185761043
34,2.0742914983,2.0755391221,4.8914733311,5.8348869033,0.6382256935,1.2829144225,2.201555221,2.5263944377,0.2407765731,5.7971252555
34,0.7061846887,2.6145641784,0.0787937039,1.2948680988,0.4148845583,7.6020632143,0.6899046099,0.1756600777,1.251848266,6.3913624237
34,13.282600145,1.7985067406,7.1917339078,0.541130753,0.0834599794,0.0785950766,15.762427761,0.7891477755,2.3482993737,1.8242288303
34,5.7589065707,1.2050352423,0.2198561142,2.383082747,0.9006418532,2.0662005023,0.2118553501,1.0554224155,2.9106104495,0.4690033232
34,0.4936463599,4.1397242009,1.1714808334,4.727104531,0.2134037398,1.2638508735,2.5155280319,0.7653020554,5.3472521467,1.6918061567
34,2.5521921232,0.3483916392,0.9070347368,0.4598737581,3.9726139761,0.7878574992,1.2608836232,1.3178961114,1.2446906541,7.2535405301
34,0.1202408646,0.3854652514,8.959906,0.3651492187,1.8074486836,0.6842986517,1.3855269373,2.6912209574,0.6604232933,1.0934115107
34,1.8628034116,0.6256509806,2.1471154103,1.2054948971,1.4629763725,2.6036727627,3.8926381022,3.9384006254,4.2110456545,0.7200766757
35,3.4963814023,0.4726166566,8.5538215993,2.612608392,1.3986668989,0.1407122232,3.1362108078,0.4647822848,0.0826257136,0.2932426848
35,0.6423868411,0.0652714,1.5093962997,1.4935117038,10.020079698,1.4310129984,0.3708488545,3.9834348997,5.1636652411,0.0353278494
35,0.132617494,1.5712618181,0.793441818,0.1098200249,0.4104350045,1.2298832389,1.9316528673,4.0920822282,2.1290804589,4.3094883736
35,3.3517298111,2.4101389485,3.0377059666,1.889850058,0.5106951244,2.9793745114,1.604447305,2.7930182592,5.7194349624,2.7779074596
35,0.6478856199,6.8844582079,1.2470948722,1.9680837725,14.619429063,4.0009990403,0.7688565398,5.1950321472,5.4890042848,0.3603760435
35,1.3961445712,2.9797176497,0.6835406079,0.2027117128,2.2309954873,4.6058359217,2.4493233049,0.7826632736,3.308906609,3.8191037156
35,4.7111310475,1.2412235007,5.6315364817,0.8863222793,3.3014718762,2.6656589205,0.7240421387,0.7809705962,4.1367057776,1.2408928852
35,5.3926082768,0.4372220181,1.5571397422,2.3396130468,8.810183456,1.1732966006,5.9981016509,0.5478087199,0.8522900576,1.4780321439
35,1.3230217734,0.8130819593,2.2042142441,2.9683820564,0.5660245125,3.9258283485,1.7710490115,0.2403926,3.3062715559,2.790107885
35,1.8763629813,2.2820631896,7.1751878128,2.0480282793,6.6853106372,4.7226263656,9.1445351051,0.0066753941,2.879962834,2.0279154441
36,1.7650042724,0.7125348953,1.2457792062,1.857101376,1.954451293,0.0582090605,0.0288111886,0.3590001032,7.8944392233,2.2910080513
36,1.2578456492,5.1656435965,6.6908662652,5.381070257,4.4181547881,2.7501614303,1.3313774423,1.7342685358,0.3256379781,2.7164550962
36,6.0276573726,4.9107234469,3.4742158355,2.0380006966,1.9049553883,2.1392716396,15.545121063,4.0437170185,0.4264790797,0.9701297534
36,4.1609178132,10.18288691,4.3552466812,1.5183717229,1.8090342252,2.1996328393,6.0062394119,2.1051948677,2.0362703018,1.0373883433
36,1.0627955166,0.3164064548,1.4732807902,4.5145724755,6.2732090248,0.5935307534,1.8326398907,0.9825477329,1.2736732687,5.1775678036
36,9.4162060264,0.6242437503,2.0042277121,4.1269141371,2.9933494201,8.823353752,0.8056555834,1.5365184207,3.2974535102,6.428298417
36,12.04043791,1.8460527575,7.0962911427,0.126883167,4.7654225976,0.0809208452,1.5538602663,1.1835789617,1.5653455307,0.7732792883
36,3.6245211451,0.6272656708,4.2902057909,1.2965815351,0.0083995234,3.2951054454,1.9461322159,4.6503650749,0.8504023144,0.0334636658
36,2.5283204636,7.3534794861,2.950027701,0.1187661872,2.1360658552,0.1373690205,0.0634238787,0.2837133399,5.0197303467,3.0090626968
36,5.6213804515,3.7327493185,2.1392651365,2.5214650138,4.265046621,1.4402602358,1.4137392628,0.0307048993,0.0143351449,0.8735817875
37,3.0318848683,5.1785602232,3.3440687847,5.2339741577,0.1589606451,0.7586497889,0.5468919398,0.9390267226,2.4694905607,1.5261032342
37,7.3862187408,4.6940835518,7.1824700242,4.6051277747,0.8398394279,6.3792025889,2.9295384217,3.4865185837,0.3668858851,0.170819314
37,8.7670463316,7.7988362328,4.1079904063,10.985962091,4.1338048264,2.5269183893,2.6757388977,0.0582567734,0.1196818678,0.8413085623
37,4.1727476392,5.9409159608,0.3571889745,5.0634566071,1.8505761322,1.7087658031,2.1551996654,4.0261480045,4.2355268035,1.9395883068
37,2.0942879596,7.26207187,3.2991422355,0.2297280413,1.0796114219,0.667101252,1.4693317653,6.2303493871,0.3885807413,0.6693515771
37,0.1424526224,1.9303845924,2.7395501317,2.6158320145,0.5002393841,5.7521270552,1.6639177874,0.5130589072,1.266476838,7.2494495097
37,4.8717656582,10.229749507,0.3904722937,3.8839220348,1.2074383913,11.531833585,0.1190672479,4.5525166628,8.6949597912,1.1182234189
37,6.5844716102,1.3669140993,0.091130355,0.2358035656,0.4010855221,2.0077156551,3.4840330086,0.3368886358,2.8321464843,0.6832085889
37,4.8297435265,1.4371425463,1.9322684074,3.573730179,2.4214765427,1.7332909005,2.9333816779,2.203165952,4.6067340745,6.2517254828
37,0.5297376687,5.9254681929,1.6649682866,2.1642284168,7.7952751078,3.0670292654,0.0508250327,1.0606617506,4.3921426865,0.1350997136
38,2.3268445975,3.2436164613,0.3734706311,3.0101154545,1.5393502119,0.2201661209,0.6751273053,2.1964842021,2.7580288576,10.116405563
38,2.0836908351,9.1731747659,1.112399958,7.7693859727,1.7785259714,0.898195583,2.0979664447,2.6239794394,0.8900791643,8.2535700987
38,0.6056847114,0.4198882534,1.5456674922,10.89612843,0.9515354437,12.942151482,5.1334644601,0.1311042347,2.1503573127,3.8638501154
38,11.47116743,0.1296427586,1.9664219748,0.8844369888,1.3973607208,1.6924292065,9.4841023807,3.0881848114,6.4477671789,0.335923714
38,6.1838007682,6.6659916347,2.0896615207,1.7740963277,2.7863853778,4.6475517772,0.9352276811,3.0735840089,0.9277015499,2.3036962514
38,0.5578247356,5.449052637,0.1153076121,2.1220861379,1.4824060974,6.3705134125,2.0839090918,2.6376257335,0.7841071954,2.7290380252
38,6.5698501942,0.0717697294,3.0644714657,1.5998389011,1.8964079651,2.0046202181,1.3368124961,0.7573189993,5.6730193223,7.6953211381
38,2.9307037716,2.0447267803,6.9284890576,0.9857668966,0.3438487313,0.648078729,2.3025727361,16.493186418,7.7266769029,1.2311633344
38,0.6006245701,3.5542150295,14.101162222,0.2724518946,0.0813688797,1.6207224841,3.6823637811,10.595140337,0.2476190478,0.2963493114
38,0.3612081424,0.7191061649,0.9096307602,0.6484914646,0.7615220068,2.8738963746,1.9773791874,3.2296490654,0.5943328453,1.0408462895
39,2.4495974403,4.709409374,1.0884053096,3.8044928126,4.9705764209,4.8712107183,1.7899149795,2.7397445391,4.4393679948,1.3211304243
39,0.9401992292,1.7000207077,2.1445451001,2.6403404819,7.4330170865,7.3114874807,0.968671067,2.250995247,2.686324278,3.1250545433
39,0.3379930752,3.7763043589,10.714558439,0.6204419269,0.9490377688,2.418100735,5.530998303,3.1590237796,1.052747917,0.0639380045
39,5.4007744193,11.297875693,5.4428785683,4.7932832793,0.0567057166,2.6857429076,1.1617136104,2.7228856625,1.106876965,1.3846619383
39,6.7445946085,6.0263153662,0.1450137741,0.4879899497,3.2880778104,3.0652522568,0.1178693261,6.3219212607,0.4471134667,0.0301730258
39,2.4122732282,1.5134987082,2.6862925605,8.5042626302,1.5084813549,3.6837152127,1.6886498484,2.8544613556,2.8733126036,2.9761614756
39,0.2165641387,3.3858676645,0.4118044061,0.3150890185,4.5483456051,0.9906653081,5.4756185593,2.6595816403,6.8936029678,1.877415082
39,5.5101234313,1.1855384032,1.4701679974,2.7275450945,2.0642584507,2.5717231495,5.6217407361,2.7930062089,3.4317873641,2.3066139594
39,0.6172074686,1.9938315599,11.122799491,1.1393468143,4.1016722757,1.5785618437,0.7659761164,0.6392508808,3.4023609345,0.0105760868
39,7.457607822,2.7432071346,3.7618969463,0.4255101453,0.8538866103,0.2478835382,0.7511710474,1.2043006588,0.8099999249,2.6117915174
40,2.2169234887,1.1594402217,2.1743095779,3.3296771262,2.3097659361,3.5616010115,2.0171514432,3.0685288074,1.3521059481,0.1299973647
40,0.1720945583,0.2101746195,8.9698248093,0.995543904,1.4383265749,1.6864183929,0.1001660139,2.227602605,6.7260981417,1.5245145359
40,3.9111010303,10.248847413,2.1608415344,2.4335632426,1.8187709422,1.0261372254,0.1688953854,0.1886439701,7.5532633103,0.4676307148
40,4.5882318627,3.668065928,2.0716509702,6.1745994445,0.0807324563,0.581596288,1.9558224186,8.543256817,3.2898667764,2.2578683903
40,3.9512399337,2.2614298742,1.1687074962,0.0955862553,1.1025605379,2.1276524562,3.0075724879,3.4774243442,6.4717476539,1.4263370673
40,0.4088052501,1.0527273549,3.7538184135,0.1269145084,2.4269720328,2.2736612147,0.2293061074,1.8595093934,2.337312509,0.6208330815
40,5.8971482196,3.1431392675,3.2394996462,1.9203966524,4.3344936928,3.0884350947,1.293381372,1.0167091641,4.6053978643,2.334610276
40,7.8593199127,0.1151609001,0.260640495,15.005809051,1.3172509447,6.2878359141,1.0398040772,3.0259823956,2.4054251038,1.4619691433
40,0.3722005895,0.0349244402,0.682875576,8.9188035155,2.6910681469,0.036112499,1.189294373,0.551361488,0.2668391607,1.21169546
40,0.5699495364,2.0865681652,0.8373070185,1.4403912837,0.595828571,1.475988633,0.6067539221,2.7000189158,0.220311159,0.7557110085
